{
  "RAW": {
    "micro_f1": 0.22296367125777336,
    "macro_f1": 0.01521031520313951,
    "samples_f1": 0.21978280498677996,
    "micro_precision": 0.30056862852650246,
    "macro_precision": 0.02666624033896757,
    "samples_precision": 0.31792855820461363,
    "micro_recall": 0.17720932238104478,
    "macro_recall": 0.014976608387851812,
    "samples_recall": 0.19580045889366712,
    "parent_micro_precision": 0.5542058468405839,
    "parent_micro_recall": 0.3550799381124291,
    "parent_micro_f1": 0.43283944619868836
  },
  "KG": {
    "micro_f1": 0.2229024004560663,
    "macro_f1": 0.015209319029671941,
    "samples_f1": 0.2197378683301414,
    "micro_precision": 0.3008739304886316,
    "macro_precision": 0.026670002680417037,
    "samples_precision": 0.31793994691808786,
    "micro_recall": 0.1770260655843736,
    "macro_recall": 0.014967035811489563,
    "samples_recall": 0.1956858526172679,
    "parent_micro_precision": 0.5546104491292392,
    "parent_micro_recall": 0.3546110928782409,
    "parent_micro_f1": 0.4326140734703216
  }
}